{
  "accuracy": 0.7573443536070434,
  "f1": 0.7257589603005381,
  "auc": 0.8632407772995241
}